year,GMSL,error
1870.0417  , -75.61   , 22.19
1870.1250  , -75.68   , 22.19
1870.2083  , -74.13   , 22.19
1870.2917  , -74.06   , 22.19
1870.3750  , -73.23   , 22.19
1870.4583  , -74.47   , 22.19
1870.5417  , -72.76   , 22.19
1870.6250  , -70.71   , 22.19
1870.7083  , -71.18   , 22.19
1870.7917  , -70.77   , 22.19
1870.8750  , -78.15   , 22.19
1870.9583  , -81.73   , 22.19
1871.0417  , -86.35   , 22.19
1871.1250  , -82.06   , 22.19
1871.2083  , -78.42   , 22.19
1871.2917  , -72.57   , 22.19
1871.3750  , -72.59   , 22.19
1871.4583  , -71.52   , 22.19
1871.5417  , -71.57   , 22.19
1871.6250  , -74.75   , 22.19
1871.7083  , -76.29   , 22.19
1871.7917  , -82.41   , 22.19
1871.8750  , -80.74   , 22.19
1871.9583  , -79.35   , 22.19
1872.0417  , -70.77   , 22.19
1872.1250  , -69.31   , 22.10
1872.2083  , -69.43   , 22.10
1872.2917  , -72.52   , 22.10
1872.3750  , -71.64   , 22.10
1872.4583  , -70.57   , 22.10
1872.5417  , -68.65   , 22.10
1872.6250  , -68.91   , 22.10
1872.7083  , -68.18   , 22.10
1872.7917  , -67.50   , 22.10
1872.8750  , -65.06   , 22.10
1872.9583  , -65.06   , 22.10
1873.0417  , -65.93   , 22.10
1873.1250  , -75.45   , 22.10
1873.2083  , -79.28   , 22.10
1873.2917  , -81.03   , 22.10
1873.3750  , -77.37   , 22.10
1873.4583  , -74.21   , 22.10
1873.5417  , -71.23   , 22.10
1873.6250  , -69.82   , 22.10
1873.7083  , -70.94   , 22.10
1873.7917  , -69.11   , 22.10
1873.8750  , -69.90   , 22.10
1873.9583  , -68.27   , 22.10
1874.0417  , -71.27   , 22.10
1874.1250  , -75.70   , 22.10
1874.2083  , -80.13   , 22.10
1874.2917  , -77.63   , 22.10
1874.3750  , -75.97   , 22.10
1874.4583  , -72.70   , 22.19
1874.5417  , -71.57   , 22.19
1874.6250  , -69.80   , 22.19
1874.7083  , -69.24   , 22.19
1874.7917  , -71.77   , 22.19
1874.8750  , -75.43   , 22.19
1874.9583  , -81.00   , 22.19
1875.0417  , -80.37   , 22.19
1875.1250  , -85.08   , 22.19
1875.2083  , -84.15   , 22.19
1875.2917  , -81.86   , 22.19
1875.3750  , -78.23   , 22.10
1875.4583  , -74.34   , 22.10
1875.5417  , -73.51   , 22.10
1875.6250  , -73.00   , 22.10
1875.7083  , -73.88   , 22.10
1875.7917  , -74.98   , 22.10
1875.8750  , -77.97   , 22.10
1875.9583  , -78.52   , 22.10
1876.0417  , -77.44   , 22.10
1876.1250  , -69.23   , 22.10
1876.2083  , -64.49   , 22.10
1876.2917  , -66.78   , 22.10
1876.3750  , -70.83   , 22.10
1876.4583  , -69.74   , 22.10
1876.5417  , -66.32   , 22.10
1876.6250  , -63.58   , 22.10
1876.7083  , -61.22   , 22.10
1876.7917  , -61.87   , 22.10
1876.8750  , -58.24   , 22.10
1876.9583  , -56.85   , 22.10
1877.0417  , -55.97   , 22.10
1877.1250  , -56.67   , 22.10
1877.2083  , -57.77   , 22.10
1877.2917  , -57.72   , 22.10
1877.3750  , -57.63   , 22.10
1877.4583  , -55.43   , 22.10
1877.5417  , -54.55   , 22.10
1877.6250  , -54.05   , 22.10
1877.7083  , -54.76   , 22.10
1877.7917  , -54.83   , 22.10
1877.8750  , -52.07   , 22.10
1877.9583  , -53.42   , 22.10
1878.0417  , -50.87   , 22.10
1878.1250  , -48.12   , 22.10
1878.2083  , -45.44   , 22.10
1878.2917  , -44.29   , 22.10
1878.3750  , -45.76   , 22.10
1878.4583  , -48.27   , 22.10
1878.5417  , -53.44   , 22.10
1878.6250  , -54.90   , 22.10
1878.7083  , -59.66   , 22.10
1878.7917  , -61.86   , 22.10
1878.8750  , -68.54   , 22.10
1878.9583  , -66.26   , 22.81
1879.0417  , -69.25   , 22.81
1879.1250  , -62.05   , 22.81
1879.2083  , -63.03   , 21.49
1879.2917  , -56.53   , 21.49
1879.3750  , -59.46   , 21.49
1879.4583  , -54.60   , 21.49
1879.5417  , -57.87   , 21.49
1879.6250  , -60.50   , 21.49
1879.7083  , -67.62   , 21.49
1879.7917  , -75.07   , 21.49
1879.8750  , -82.80   , 21.49
1879.9583  , -83.67   , 21.49
1880.0417  , -83.14   , 21.49
1880.1250  , -72.65   , 21.49
1880.2083  , -70.08   , 21.49
1880.2917  , -63.87   , 21.49
1880.3750  , -64.13   , 21.49
1880.4583  , -61.77   , 21.49
1880.5417  , -61.80   , 21.49
1880.6250  , -63.09   , 21.49
1880.7083  , -63.82   , 21.49
1880.7917  , -61.14   , 21.49
1880.8750  , -60.27   , 21.49
1880.9583  , -56.46   , 21.49
1881.0417  , -58.29   , 21.49
1881.1250  , -58.91   , 21.49
1881.2083  , -59.33   , 21.49
1881.2917  , -59.28   , 21.49
1881.3750  , -58.69   , 21.49
1881.4583  , -57.38   , 21.39
1881.5417  , -56.43   , 21.39
1881.6250  , -58.49   , 21.39
1881.7083  , -62.60   , 21.39
1881.7917  , -66.90   , 21.39
1881.8750  , -69.03   , 21.39
1881.9583  , -72.24   , 21.39
1882.0417  , -73.57   , 19.51
1882.1250  , -73.55   , 19.51
1882.2083  , -68.82   , 19.51
1882.2917  , -68.86   , 19.51
1882.3750  , -66.73   , 19.51
1882.4583  , -71.55   , 19.51
1882.5417  , -70.60   , 19.51
1882.6250  , -73.37   , 19.51
1882.7083  , -73.85   , 19.51
1882.7917  , -80.10   , 19.51
1882.8750  , -82.63   , 19.51
1882.9583  , -84.79   , 19.56
1883.0417  , -81.69   , 19.47
1883.1250  , -78.46   , 19.47
1883.2083  , -72.86   , 19.47
1883.2917  , -70.93   , 19.47
1883.3750  , -67.16   , 19.47
1883.4583  , -68.80   , 19.47
1883.5417  , -72.45   , 19.47
1883.6250  , -73.34   , 19.47
1883.7083  , -76.71   , 19.47
1883.7917  , -74.14   , 19.47
1883.8750  , -70.67   , 19.47
1883.9583  , -65.27   , 19.47
1884.0417  , -61.93   , 19.08
1884.1250  , -59.87   , 19.08
1884.2083  , -59.42   , 19.08
1884.2917  , -52.88   , 19.08
1884.3750  , -55.08   , 19.08
1884.4583  , -53.33   , 19.08
1884.5417  , -61.02   , 19.08
1884.6250  , -61.53   , 19.08
1884.7083  , -69.88   , 19.08
1884.7917  , -69.23   , 19.08
1884.8750  , -73.52   , 19.08
1884.9583  , -63.72   , 19.08
1885.0417  , -64.25   , 19.08
1885.1250  , -59.69   , 18.83
1885.2083  , -62.19   , 18.83
1885.2917  , -64.09   , 18.83
1885.3750  , -65.23   , 18.83
1885.4583  , -65.25   , 18.83
1885.5417  , -68.60   , 18.79
1885.6250  , -65.97   , 18.79
1885.7083  , -69.84   , 18.79
1885.7917  , -67.00   , 18.79
1885.8750  , -62.44   , 18.85
1885.9583  , -56.25   , 18.85
1886.0417  , -51.12   , 18.19
1886.1250  , -55.62   , 18.19
1886.2083  , -56.87   , 18.19
1886.2917  , -57.82   , 18.19
1886.3750  , -56.80   , 18.19
1886.4583  , -57.43   , 18.19
1886.5417  , -59.80   , 18.19
1886.6250  , -58.82   , 18.19
1886.7083  , -61.90   , 18.19
1886.7917  , -61.73   , 18.19
1886.8750  , -61.80   , 18.19
1886.9583  , -61.68   , 18.19
1887.0417  , -60.28   , 18.14
1887.1250  , -67.43   , 18.14
1887.2083  , -64.85   , 18.20
1887.2917  , -66.19   , 18.20
1887.3750  , -60.34   , 18.20
1887.4583  , -59.02   , 18.20
1887.5417  , -57.14   , 18.14
1887.6250  , -61.01   , 18.14
1887.7083  , -58.71   , 18.14
1887.7917  , -60.90   , 18.14
1887.8750  , -60.71   , 18.14
1887.9583  , -64.49   , 18.14
1888.0417  , -67.61   , 18.14
1888.1250  , -68.17   , 18.14
1888.2083  , -67.42   , 18.14
1888.2917  , -68.53   , 18.14
1888.3750  , -66.21   , 18.14
1888.4583  , -63.64   , 18.14
1888.5417  , -60.01   , 18.14
1888.6250  , -63.44   , 18.14
1888.7083  , -66.49   , 18.11
1888.7917  , -65.23   , 18.11
1888.8750  , -62.30   , 18.11
1888.9583  , -61.29   , 18.11
1889.0417  , -60.72   , 18.11
1889.1250  , -60.86   , 18.11
1889.2083  , -57.09   , 18.10
1889.2917  , -57.39   , 18.10
1889.3750  , -56.15   , 18.10
1889.4583  , -53.79   , 18.10
1889.5417  , -57.99   , 18.10
1889.6250  , -56.19   , 18.10
1889.7083  , -60.07   , 18.10
1889.7917  , -59.47   , 18.10
1889.8750  , -65.16   , 18.10
1889.9583  , -65.63   , 18.15
1890.0417  , -66.58   , 18.15
1890.1250  , -66.44   , 18.15
1890.2083  , -58.25   , 18.15
1890.2917  , -54.72   , 18.15
1890.3750  , -52.11   , 18.15
1890.4583  , -55.42   , 18.15
1890.5417  , -60.12   , 18.15
1890.6250  , -59.99   , 18.15
1890.7083  , -58.30   , 18.15
1890.7917  , -56.32   , 18.15
1890.8750  , -59.31   , 18.15
1890.9583  , -65.94   , 18.17
1891.0417  , -65.74   , 18.17
1891.1250  , -68.84   , 18.17
1891.2083  , -58.61   , 18.17
1891.2917  , -61.66   , 18.17
1891.3750  , -57.19   , 18.17
1891.4583  , -58.06   , 18.17
1891.5417  , -55.01   , 18.17
1891.6250  , -55.77   , 18.17
1891.7083  , -57.62   , 18.17
1891.7917  , -57.42   , 18.17
1891.8750  , -58.12   , 18.17
1891.9583  , -52.92   , 19.01
1892.0417  , -50.56   , 18.96
1892.1250  , -46.81   , 18.96
1892.2083  , -48.02   , 18.96
1892.2917  , -49.08   , 18.96
1892.3750  , -52.68   , 18.96
1892.4583  , -53.62   , 18.96
1892.5417  , -57.82   , 18.96
1892.6250  , -57.84   , 18.96
1892.7083  , -61.54   , 18.96
1892.7917  , -60.95   , 18.96
1892.8750  , -64.37   , 18.96
1892.9583  , -60.49   , 19.02
1893.0417  , -55.46   , 18.60
1893.1250  , -51.45   , 18.60
1893.2083  , -46.55   , 18.60
1893.2917  , -47.73   , 18.60
1893.3750  , -47.03   , 18.60
1893.4583  , -49.47   , 18.60
1893.5417  , -48.23   , 18.60
1893.6250  , -47.46   , 18.60
1893.7083  , -46.63   , 18.60
1893.7917  , -48.75   , 18.60
1893.8750  , -53.88   , 18.60
1893.9583  , -55.57   , 19.67
1894.0417  , -56.71   , 19.10
1894.1250  , -56.03   , 19.10
1894.2083  , -55.84   , 19.10
1894.2917  , -56.67   , 19.10
1894.3750  , -56.95   , 19.10
1894.4583  , -58.25   , 19.10
1894.5417  , -58.67   , 19.10
1894.6250  , -59.43   , 19.10
1894.7083  , -62.68   , 19.10
1894.7917  , -61.28   , 19.10
1894.8750  , -57.17   , 19.10
1894.9583  , -48.25   , 19.10
1895.0417  , -43.16   , 19.08
1895.1250  , -40.43   , 19.08
1895.2083  , -44.18   , 19.08
1895.2917  , -46.72   , 19.08
1895.3750  , -50.54   , 19.08
1895.4583  , -49.01   , 19.08
1895.5417  , -47.27   , 19.08
1895.6250  , -46.36   , 19.08
1895.7083  , -45.36   , 19.08
1895.7917  , -42.37   , 19.08
1895.8750  , -44.42   , 19.08
1895.9583  , -46.32   , 19.08
1896.0417  , -53.41   , 18.67
1896.1250  , -59.70   , 18.61
1896.2083  , -58.24   , 18.61
1896.2917  , -55.35   , 18.61
1896.3750  , -50.59   , 18.61
1896.4583  , -46.47   , 18.09
1896.5417  , -47.07   , 18.02
1896.6250  , -47.78   , 17.97
1896.7083  , -48.99   , 17.97
1896.7917  , -49.07   , 17.97
1896.8750  , -48.60   , 17.97
1896.9583  , -48.12   , 17.97
1897.0417  , -46.72   , 17.41
1897.1250  , -48.79   , 17.41
1897.2083  , -44.89   , 17.41
1897.2917  , -43.86   , 17.41
1897.3750  , -36.70   , 17.41
1897.4583  , -38.03   , 17.00
1897.5417  , -38.19   , 17.00
1897.6250  , -42.19   , 17.00
1897.7083  , -47.24   , 17.00
1897.7917  , -53.29   , 17.00
1897.8750  , -65.23   , 17.00
1897.9583  , -62.93   , 17.00
1898.0417  , -59.49   , 16.70
1898.1250  , -45.73   , 16.70
1898.2083  , -38.55   , 16.70
1898.2917  , -36.13   , 16.70
1898.3750  , -33.23   , 16.70
1898.4583  , -39.63   , 16.70
1898.5417  , -43.41   , 16.74
1898.6250  , -47.29   , 16.79
1898.7083  , -46.36   , 16.79
1898.7917  , -41.05   , 16.79
1898.8750  , -41.44   , 16.79
1898.9583  , -41.21   , 16.74
1899.0417  , -40.77   , 16.74
1899.1250  , -41.73   , 16.74
1899.2083  , -41.74   , 16.74
1899.2917  , -40.65   , 16.74
1899.3750  , -41.79   , 16.74
1899.4583  , -40.33   , 16.74
1899.5417  , -39.35   , 16.74
1899.6250  , -34.67   , 16.74
1899.7083  , -33.03   , 17.09
1899.7917  , -31.71   , 17.09
1899.8750  , -35.85   , 17.09
1899.9583  , -38.01   , 17.18
1900.0417  , -40.28   , 15.27
1900.1250  , -42.12   , 15.27
1900.2083  , -41.77   , 15.27
1900.2917  , -43.41   , 15.22
1900.3750  , -39.30   , 15.22
1900.4583  , -44.15   , 15.22
1900.5417  , -47.53   , 15.22
1900.6250  , -50.79   , 15.22
1900.7083  , -55.71   , 15.22
1900.7917  , -51.96   , 15.22
1900.8750  , -53.45   , 15.22
1900.9583  , -51.16   , 15.22
1901.0417  , -53.10   , 15.22
1901.1250  , -54.07   , 15.22
1901.2083  , -56.61   , 14.92
1901.2917  , -54.98   , 14.92
1901.3750  , -56.26   , 14.92
1901.4583  , -53.04   , 14.92
1901.5417  , -52.85   , 14.92
1901.6250  , -47.52   , 14.92
1901.7083  , -44.03   , 14.92
1901.7917  , -42.90   , 14.92
1901.8750  , -44.35   , 14.92
1901.9583  , -45.88   , 15.07
1902.0417  , -46.47   , 15.06
1902.1250  , -45.36   , 15.06
1902.2083  , -45.70   , 15.06
1902.2917  , -49.54   , 15.06
1902.3750  , -52.74   , 15.06
1902.4583  , -55.21   , 15.06
1902.5417  , -54.15   , 14.99
1902.6250  , -50.64   , 14.99
1902.7083  , -47.59   , 14.99
1902.7917  , -44.24   , 14.99
1902.8750  , -44.53   , 14.99
1902.9583  , -43.82   , 14.99
1903.0417  , -43.82   , 14.84
1903.1250  , -44.12   , 14.84
1903.2083  , -38.72   , 14.84
1903.2917  , -35.55   , 14.84
1903.3750  , -34.60   , 14.84
1903.4583  , -35.43   , 14.84
1903.5417  , -40.26   , 14.84
1903.6250  , -42.56   , 14.84
1903.7083  , -46.26   , 14.77
1903.7917  , -43.23   , 14.77
1903.8750  , -45.69   , 14.65
1903.9583  , -42.46   , 14.88
1904.0417  , -45.89   , 14.79
1904.1250  , -39.98   , 14.79
1904.2083  , -43.62   , 14.79
1904.2917  , -44.01   , 14.79
1904.3750  , -46.75   , 14.72
1904.4583  , -43.25   , 14.72
1904.5417  , -43.09   , 14.74
1904.6250  , -42.17   , 14.74
1904.7083  , -43.06   , 14.74
1904.7917  , -43.36   , 14.74
1904.8750  , -43.99   , 14.74
1904.9583  , -46.00   , 14.74
1905.0417  , -48.41   , 13.80
1905.1250  , -49.95   , 13.80
1905.2083  , -50.39   , 13.80
1905.2917  , -49.86   , 13.80
1905.3750  , -50.10   , 13.64
1905.4583  , -49.83   , 13.64
1905.5417  , -48.65   , 13.64
1905.6250  , -44.93   , 13.64
1905.7083  , -42.32   , 13.64
1905.7917  , -43.97   , 13.64
1905.8750  , -46.24   , 13.64
1905.9583  , -49.54   , 13.64
1906.0417  , -44.30   , 12.98
1906.1250  , -40.71   , 12.98
1906.2083  , -38.42   , 12.98
1906.2917  , -40.95   , 12.98
1906.3750  , -40.43   , 12.98
1906.4583  , -41.57   , 12.98
1906.5417  , -39.92   , 12.98
1906.6250  , -41.96   , 12.98
1906.7083  , -41.49   , 12.98
1906.7917  , -42.02   , 12.98
1906.8750  , -43.98   , 12.98
1906.9583  , -43.39   , 13.06
1907.0417  , -44.57   , 13.06
1907.1250  , -41.22   , 13.06
1907.2083  , -41.83   , 13.06
1907.2917  , -40.83   , 13.06
1907.3750  , -41.97   , 13.07
1907.4583  , -40.46   , 13.07
1907.5417  , -41.64   , 13.07
1907.6250  , -39.86   , 13.07
1907.7083  , -45.69   , 13.07
1907.7917  , -47.64   , 13.07
1907.8750  , -51.96   , 13.07
1907.9583  , -49.81   , 13.07
1908.0417  , -46.98   , 12.63
1908.1250  , -45.84   , 12.63
1908.2083  , -46.20   , 12.63
1908.2917  , -48.87   , 12.63
1908.3750  , -47.34   , 12.68
1908.4583  , -44.42   , 12.68
1908.5417  , -43.12   , 12.68
1908.6250  , -44.14   , 12.68
1908.7083  , -46.85   , 12.64
1908.7917  , -50.08   , 12.55
1908.8750  , -48.72   , 12.58
1908.9583  , -46.29   , 12.58
1909.0417  , -38.16   , 12.30
1909.1250  , -35.42   , 12.30
1909.2083  , -35.43   , 12.30
1909.2917  , -41.52   , 12.30
1909.3750  , -46.53   , 12.30
1909.4583  , -51.67   , 12.30
1909.5417  , -49.38   , 12.30
1909.6250  , -46.06   , 12.41
1909.7083  , -40.96   , 12.70
1909.7917  , -39.60   , 12.64
1909.8750  , -40.62   , 12.64
1909.9583  , -43.25   , 12.88
1910.0417  , -44.76   , 12.88
1910.1250  , -46.83   , 12.88
1910.2083  , -46.02   , 12.72
1910.2917  , -45.75   , 12.73
1910.3750  , -41.42   , 12.73
1910.4583  , -41.96   , 12.73
1910.5417  , -41.29   , 12.73
1910.6250  , -44.48   , 12.35
1910.7083  , -44.80   , 12.35
1910.7917  , -45.40   , 12.37
1910.8750  , -45.66   , 12.02
1910.9583  , -47.56   , 12.20
1911.0417  , -49.11   , 12.20
1911.1250  , -44.63   , 12.17
1911.2083  , -40.47   , 12.17
1911.2917  , -36.58   , 12.17
1911.3750  , -38.85   , 12.17
1911.4583  , -37.82   , 12.20
1911.5417  , -37.17   , 12.03
1911.6250  , -32.83   , 12.03
1911.7083  , -29.48   , 12.00
1911.7917  , -27.38   , 12.00
1911.8750  , -31.10   , 12.00
1911.9583  , -33.09   , 12.07
1912.0417  , -38.93   , 12.05
1912.1250  , -39.70   , 12.01
1912.2083  , -43.42   , 12.01
1912.2917  , -43.32   , 12.01
1912.3750  , -42.84   , 12.01
1912.4583  , -38.58   , 12.01
1912.5417  , -38.24   , 12.01
1912.6250  , -37.78   , 12.04
1912.7083  , -39.40   , 12.04
1912.7917  , -39.88   , 12.04
1912.8750  , -38.62   , 12.04
1912.9583  , -36.01   , 11.84
1913.0417  , -40.04   , 11.77
1913.1250  , -41.66   , 11.84
1913.2083  , -45.52   , 11.84
1913.2917  , -46.00   , 11.84
1913.3750  , -44.71   , 11.83
1913.4583  , -39.48   , 11.83
1913.5417  , -35.42   , 11.76
1913.6250  , -31.05   , 11.76
1913.7083  , -31.59   , 11.76
1913.7917  , -34.13   , 11.76
1913.8750  , -33.23   , 11.76
1913.9583  , -38.97   , 11.90
1914.0417  , -33.34   , 11.90
1914.1250  , -37.40   , 11.90
1914.2083  , -32.71   , 11.90
1914.2917  , -34.62   , 11.63
1914.3750  , -31.64   , 11.63
1914.4583  , -33.82   , 11.63
1914.5417  , -32.72   , 11.63
1914.6250  , -34.99   , 11.63
1914.7083  , -31.83   , 11.63
1914.7917  , -28.69   , 11.63
1914.8750  , -20.05   , 11.63
1914.9583  , -11.64   , 11.64
1915.0417  ,  -6.45   , 11.53
1915.1250  ,  -5.75   , 11.53
1915.2083  ,  -9.86   , 11.53
1915.2917  , -15.88   , 11.53
1915.3750  , -21.06   , 11.53
1915.4583  , -23.70   , 11.53
1915.5417  , -27.79   , 11.52
1915.6250  , -30.39   , 11.52
1915.7083  , -35.36   , 11.52
1915.7917  , -38.26   , 11.75
1915.8750  , -35.88   , 11.75
1915.9583  , -35.89   , 11.92
1916.0417  , -31.62   , 10.83
1916.1250  , -32.21   , 10.93
1916.2083  , -28.35   , 10.93
1916.2917  , -29.02   , 10.93
1916.3750  , -29.13   , 10.89
1916.4583  , -32.34   , 10.89
1916.5417  , -35.85   , 10.89
1916.6250  , -38.62   , 10.89
1916.7083  , -38.12   , 10.94
1916.7917  , -36.29   , 10.94
1916.8750  , -30.85   , 10.94
1916.9583  , -28.73   , 10.94
1917.0417  , -28.69   , 10.89
1917.1250  , -33.64   , 10.89
1917.2083  , -37.73   , 10.89
1917.2917  , -41.85   , 10.89
1917.3750  , -42.68   , 10.89
1917.4583  , -41.59   , 10.89
1917.5417  , -38.95   , 10.89
1917.6250  , -37.60   , 10.89
1917.7083  , -37.16   , 10.92
1917.7917  , -35.88   , 10.92
1917.8750  , -34.46   , 10.89
1917.9583  , -32.76   , 10.89
1918.0417  , -32.82   , 10.71
1918.1250  , -37.13   , 10.71
1918.2083  , -39.63   , 10.69
1918.2917  , -41.45   , 10.69
1918.3750  , -38.31   , 10.69
1918.4583  , -34.82   , 10.69
1918.5417  , -32.48   , 10.65
1918.6250  , -31.24   , 10.65
1918.7083  , -27.37   , 10.65
1918.7917  , -29.18   , 10.65
1918.8750  , -29.13   , 10.65
1918.9583  , -33.61   , 10.65
1919.0417  , -34.31   , 10.64
1919.1250  , -36.15   , 10.64
1919.2083  , -35.39   , 10.65
1919.2917  , -33.47   , 10.65
1919.3750  , -33.36   , 10.65
1919.4583  , -29.09   , 10.65
1919.5417  , -31.13   , 10.65
1919.6250  , -28.46   , 10.65
1919.7083  , -28.70   , 10.65
1919.7917  , -29.91   , 10.61
1919.8750  , -29.28   , 10.61
1919.9583  , -33.01   , 10.82
1920.0417  , -33.72   , 10.82
1920.1250  , -38.08   , 10.82
1920.2083  , -38.16   , 10.82
1920.2917  , -35.69   , 10.82
1920.3750  , -29.93   , 10.82
1920.4583  , -26.47   , 10.85
1920.5417  , -24.60   , 10.85
1920.6250  , -27.82   , 10.85
1920.7083  , -31.52   , 10.85
1920.7917  , -33.83   , 10.90
1920.8750  , -35.48   , 10.90
1920.9583  , -33.60   , 11.66
1921.0417  , -34.00   , 11.66
1921.1250  , -31.63   , 11.66
1921.2083  , -30.87   , 11.66
1921.2917  , -30.04   , 11.66
1921.3750  , -27.18   , 11.66
1921.4583  , -28.52   , 11.66
1921.5417  , -30.32   , 11.66
1921.6250  , -37.01   , 11.66
1921.7083  , -40.52   , 11.66
1921.7917  , -40.78   , 11.73
1921.8750  , -41.01   , 11.73
1921.9583  , -36.69   , 11.73
1922.0417  , -36.76   , 11.73
1922.1250  , -33.10   , 11.73
1922.2083  , -35.64   , 11.73
1922.2917  , -35.38   , 11.73
1922.3750  , -33.88   , 11.64
1922.4583  , -32.84   , 11.80
1922.5417  , -36.14   , 11.83
1922.6250  , -38.89   , 11.83
1922.7083  , -39.75   , 11.83
1922.7917  , -37.12   , 11.83
1922.8750  , -32.28   , 11.83
1922.9583  , -30.32   , 11.91
1923.0417  , -32.13   , 11.63
1923.1250  , -35.14   , 11.63
1923.2083  , -33.97   , 11.63
1923.2917  , -27.79   , 11.63
1923.3750  , -23.58   , 11.60
1923.4583  , -25.82   , 11.60
1923.5417  , -31.71   , 11.60
1923.6250  , -35.07   , 11.60
1923.7083  , -33.19   , 11.60
1923.7917  , -32.49   , 11.60
1923.8750  , -34.92   , 11.60
1923.9583  , -38.99   , 11.64
1924.0417  , -40.06   , 11.44
1924.1250  , -35.92   , 11.44
1924.2083  , -36.81   , 11.44
1924.2917  , -35.42   , 11.44
1924.3750  , -37.94   , 11.44
1924.4583  , -39.34   , 11.52
1924.5417  , -41.33   , 11.52
1924.6250  , -41.55   , 11.52
1924.7083  , -41.03   , 11.59
1924.7917  , -40.83   , 11.59
1924.8750  , -41.53   , 11.39
1924.9583  , -42.85   , 11.54
1925.0417  , -41.34   , 10.82
1925.1250  , -40.97   , 10.82
1925.2083  , -40.76   , 10.82
1925.2917  , -42.41   , 10.80
1925.3750  , -40.43   , 10.80
1925.4583  , -41.35   , 10.80
1925.5417  , -41.71   , 10.80
1925.6250  , -41.91   , 10.80
1925.7083  , -41.68   , 10.80
1925.7917  , -40.71   , 10.80
1925.8750  , -41.58   , 10.88
1925.9583  , -37.44   , 11.11
1926.0417  , -40.03   , 11.08
1926.1250  , -40.67   , 11.08
1926.2083  , -43.99   , 11.08
1926.2917  , -42.97   , 11.08
1926.3750  , -40.15   , 11.08
1926.4583  , -37.21   , 11.08
1926.5417  , -34.74   , 10.95
1926.6250  , -28.65   , 11.00
1926.7083  , -28.78   , 11.00
1926.7917  , -25.26   , 11.00
1926.8750  , -31.73   , 11.00
1926.9583  , -32.24   , 11.00
1927.0417  , -34.68   , 10.91
1927.1250  , -32.43   , 10.91
1927.2083  , -31.48   , 10.91
1927.2917  , -31.19   , 10.91
1927.3750  , -31.91   , 10.91
1927.4583  , -32.75   , 10.91
1927.5417  , -34.07   , 10.91
1927.6250  , -31.71   , 10.78
1927.7083  , -34.17   , 10.78
1927.7917  , -31.21   , 10.78
1927.8750  , -34.13   , 10.78
1927.9583  , -36.90   , 10.80
1928.0417  , -41.01   , 10.78
1928.1250  , -39.95   , 10.75
1928.2083  , -37.53   , 10.75
1928.2917  , -32.56   , 10.75
1928.3750  , -31.43   , 10.74
1928.4583  , -27.39   , 10.74
1928.5417  , -28.43   , 10.74
1928.6250  , -27.95   , 10.74
1928.7083  , -30.94   , 10.73
1928.7917  , -34.31   , 10.73
1928.8750  , -38.08   , 10.73
1928.9583  , -37.48   , 10.81
1929.0417  , -40.19   , 10.79
1929.1250  , -38.48   , 10.79
1929.2083  , -41.15   , 10.79
1929.2917  , -37.97   , 10.56
1929.3750  , -38.45   , 10.49
1929.4583  , -34.03   , 10.49
1929.5417  , -32.09   , 10.49
1929.6250  , -31.19   , 10.49
1929.7083  , -33.56   , 10.49
1929.7917  , -36.75   , 10.50
1929.8750  , -38.16   , 10.50
1929.9583  , -39.72   , 10.75
1930.0417  , -37.33   , 10.49
1930.1250  , -35.19   , 10.49
1930.2083  , -34.88   , 10.49
1930.2917  , -35.95   , 10.43
1930.3750  , -33.99   , 10.43
1930.4583  , -28.43   , 10.43
1930.5417  , -21.15   , 10.43
1930.6250  , -19.84   , 10.43
1930.7083  , -21.02   , 10.45
1930.7917  , -23.58   , 10.44
1930.8750  , -28.24   , 10.44
1930.9583  , -30.71   , 10.68
1931.0417  , -31.99   , 10.68
1931.1250  , -30.49   , 10.67
1931.2083  , -27.52   , 10.67
1931.2917  , -27.80   , 10.67
1931.3750  , -26.66   , 10.67
1931.4583  , -29.02   , 10.64
1931.5417  , -28.12   , 10.64
1931.6250  , -31.56   , 10.64
1931.7083  , -29.14   , 10.64
1931.7917  , -30.11   , 10.64
1931.8750  , -29.67   , 10.68
1931.9583  , -28.72   , 10.90
1932.0417  , -28.02   , 10.69
1932.1250  , -23.94   , 10.69
1932.2083  , -25.29   , 10.65
1932.2917  , -23.39   , 10.65
1932.3750  , -24.06   , 10.65
1932.4583  , -23.01   , 10.65
1932.5417  , -23.58   , 10.65
1932.6250  , -27.06   , 10.65
1932.7083  , -25.25   , 10.65
1932.7917  , -25.69   , 10.65
1932.8750  , -21.39   , 10.62
1932.9583  , -21.00   , 10.67
1933.0417  , -18.61   , 10.47
1933.1250  , -19.66   , 10.47
1933.2083  , -19.18   , 10.47
1933.2917  , -20.32   , 10.47
1933.3750  , -22.06   , 10.47
1933.4583  , -21.63   , 10.47
1933.5417  , -24.47   , 10.47
1933.6250  , -23.28   , 10.47
1933.7083  , -24.39   , 10.47
1933.7917  , -23.94   , 10.43
1933.8750  , -26.94   , 10.43
1933.9583  , -26.00   , 10.66
1934.0417  , -25.43   , 10.51
1934.1250  , -24.01   , 10.51
1934.2083  , -23.77   , 10.51
1934.2917  , -26.55   , 10.51
1934.3750  , -27.19   , 10.51
1934.4583  , -32.07   , 10.50
1934.5417  , -31.20   , 10.50
1934.6250  , -34.85   , 10.50
1934.7083  , -30.80   , 10.50
1934.7917  , -32.93   , 10.50
1934.8750  , -28.29   , 10.50
1934.9583  , -27.08   , 10.67
1935.0417  , -21.62   , 10.63
1935.1250  , -18.92   , 10.63
1935.2083  , -16.78   , 10.63
1935.2917  , -15.56   , 10.63
1935.3750  , -16.23   , 10.61
1935.4583  , -16.62   , 10.61
1935.5417  , -18.19   , 10.61
1935.6250  , -21.16   , 10.61
1935.7083  , -23.40   , 10.61
1935.7917  , -26.76   , 10.61
1935.8750  , -25.28   , 10.61
1935.9583  , -23.54   , 10.61
1936.0417  , -18.52   , 10.49
1936.1250  , -16.72   , 10.49
1936.2083  , -20.28   , 10.49
1936.2917  , -24.26   , 10.49
1936.3750  , -25.44   , 10.49
1936.4583  , -23.99   , 10.49
1936.5417  , -23.64   , 10.49
1936.6250  , -18.75   , 10.49
1936.7083  , -20.66   , 10.49
1936.7917  , -15.71   , 10.49
1936.8750  , -20.14   , 10.49
1936.9583  , -18.68   , 10.64
1937.0417  , -20.91   ,  9.96
1937.1250  , -18.88   ,  9.96
1937.2083  , -20.18   ,  9.96
1937.2917  , -18.58   ,  9.96
1937.3750  , -17.41   ,  9.98
1937.4583  , -19.36   ,  9.91
1937.5417  , -19.04   ,  9.91
1937.6250  , -19.94   ,  9.91
1937.7083  , -15.39   ,  9.91
1937.7917  , -13.78   ,  9.91
1937.8750  , -12.44   ,  9.91
1937.9583  , -11.98   ,  9.97
1938.0417  , -10.63   ,  9.85
1938.1250  ,  -9.26   ,  9.85
1938.2083  ,  -7.56   ,  9.85
1938.2917  ,  -7.80   ,  9.85
1938.3750  , -11.86   ,  9.85
1938.4583  , -14.61   ,  9.85
1938.5417  , -19.71   , 10.03
1938.6250  , -17.10   , 10.03
1938.7083  , -14.54   , 10.03
1938.7917  , -10.00   , 10.01
1938.8750  , -10.27   , 10.01
1938.9583  , -12.53   , 10.39
1939.0417  , -14.30   , 10.19
1939.1250  , -19.15   , 10.19
1939.2083  , -18.31   , 10.19
1939.2917  , -16.41   , 10.19
1939.3750  , -10.49   , 10.19
1939.4583  ,  -4.12   , 10.01
1939.5417  ,  -3.44   , 10.01
1939.6250  ,  -5.82   , 10.01
1939.7083  , -11.53   , 10.03
1939.7917  , -13.99   , 10.03
1939.8750  , -12.43   , 10.03
1939.9583  , -11.42   , 10.09
1940.0417  , -11.87   ,  9.58
1940.1250  , -13.79   ,  9.58
1940.2083  , -16.82   ,  9.58
1940.2917  , -21.84   ,  9.58
1940.3750  , -21.78   ,  9.58
1940.4583  , -24.80   ,  9.58
1940.5417  , -22.02   ,  9.58
1940.6250  , -19.68   ,  9.58
1940.7083  , -16.98   ,  9.64
1940.7917  , -13.25   ,  9.64
1940.8750  ,  -9.29   ,  9.64
1940.9583  ,  -5.54   ,  9.65
1941.0417  ,  -3.76   ,  9.41
1941.1250  ,  -0.56   ,  9.41
1941.2083  ,  -0.14   ,  9.41
1941.2917  ,  -0.84   ,  9.41
1941.3750  ,  -2.67   ,  9.34
1941.4583  ,  -2.89   ,  9.34
1941.5417  ,  -1.01   ,  9.34
1941.6250  ,   2.03   ,  9.34
1941.7083  ,   1.65   ,  9.34
1941.7917  ,  -1.57   ,  9.34
1941.8750  ,  -4.72   ,  9.34
1941.9583  ,  -3.76   ,  9.41
1942.0417  ,  -3.85   ,  9.39
1942.1250  ,  -2.61   ,  9.39
1942.2083  ,  -5.32   ,  9.39
1942.2917  ,  -6.72   ,  9.38
1942.3750  ,  -5.66   ,  9.38
1942.4583  ,  -1.91   ,  9.38
1942.5417  ,   2.30   ,  9.43
1942.6250  ,   5.47   ,  9.43
1942.7083  ,   7.28   ,  9.43
1942.7917  ,   5.71   ,  9.43
1942.8750  ,   2.79   ,  9.44
1942.9583  ,  -2.10   ,  9.51
1943.0417  ,   0.43   ,  9.49
1943.1250  ,   2.86   ,  9.49
1943.2083  ,   3.89   ,  9.47
1943.2917  ,   3.94   ,  9.45
1943.3750  ,  -1.19   ,  9.42
1943.4583  ,  -2.26   ,  9.42
1943.5417  ,  -6.10   ,  9.42
1943.6250  ,  -6.14   ,  9.42
1943.7083  ,  -5.84   ,  9.42
1943.7917  ,  -6.63   ,  9.42
1943.8750  ,  -8.76   ,  9.42
1943.9583  ,  -7.76   ,  9.65
1944.0417  ,  -2.63   ,  9.42
1944.1250  ,   4.68   ,  9.35
1944.2083  ,   6.06   ,  9.35
1944.2917  ,   0.19   ,  9.30
1944.3750  ,  -7.11   ,  9.19
1944.4583  , -12.35   ,  9.19
1944.5417  , -13.01   ,  9.14
1944.6250  , -12.26   ,  9.14
1944.7083  ,  -8.93   ,  9.12
1944.7917  ,  -6.35   ,  9.12
1944.8750  ,  -2.52   ,  9.12
1944.9583  ,  -2.10   ,  9.14
1945.0417  ,  -0.70   ,  9.14
1945.1250  ,  -1.84   ,  9.14
1945.2083  ,  -2.59   ,  9.14
1945.2917  ,  -3.03   ,  9.14
1945.3750  ,  -0.89   ,  9.14
1945.4583  ,   1.44   ,  9.14
1945.5417  ,  -2.55   ,  9.12
1945.6250  ,  -3.23   ,  9.17
1945.7083  ,  -5.71   ,  9.17
1945.7917  ,  -2.75   ,  9.17
1945.8750  ,  -2.65   ,  9.17
1945.9583  ,  -0.12   ,  9.42
1946.0417  ,  -2.22   ,  9.35
1946.1250  ,   1.54   ,  9.35
1946.2083  ,   1.29   ,  9.44
1946.2917  ,   4.70   ,  9.44
1946.3750  ,   8.51   ,  9.44
1946.4583  ,  10.88   ,  9.44
1946.5417  ,  12.11   ,  9.20
1946.6250  ,   8.79   ,  9.11
1946.7083  ,   4.79   ,  9.11
1946.7917  ,   0.18   ,  9.11
1946.8750  ,  -2.89   ,  9.11
1946.9583  ,  -3.47   ,  9.18
1947.0417  ,  -3.53   ,  8.90
1947.1250  ,  -0.67   ,  8.88
1947.2083  ,  -0.35   ,  8.80
1947.2917  ,  -3.46   ,  8.74
1947.3750  ,  -3.55   ,  8.74
1947.4583  ,  -0.85   ,  8.74
1947.5417  ,   2.08   ,  8.74
1947.6250  ,   5.80   ,  8.74
1947.7083  ,   9.42   ,  8.74
1947.7917  ,  13.85   ,  8.74
1947.8750  ,  16.22   ,  8.74
1947.9583  ,  12.65   ,  8.87
1948.0417  ,  10.85   ,  8.75
1948.1250  ,   6.85   ,  8.86
1948.2083  ,   6.65   ,  8.86
1948.2917  ,   5.82   ,  8.86
1948.3750  ,   9.05   ,  8.63
1948.4583  ,  10.25   ,  8.62
1948.5417  ,  12.61   ,  8.62
1948.6250  ,  11.31   ,  8.60
1948.7083  ,  12.58   ,  8.48
1948.7917  ,  11.33   ,  8.11
1948.8750  ,  11.29   ,  8.11
1948.9583  ,  11.92   ,  8.11
1949.0417  ,  13.30   ,  7.89
1949.1250  ,  15.24   ,  7.89
1949.2083  ,  12.59   ,  7.89
1949.2917  ,  10.72   ,  8.02
1949.3750  ,   8.65   ,  8.02
1949.4583  ,   6.02   ,  7.74
1949.5417  ,   4.58   ,  7.74
1949.6250  ,   5.34   ,  7.71
1949.7083  ,   5.26   ,  7.71
1949.7917  ,   9.89   ,  7.68
1949.8750  ,  11.66   ,  7.68
1949.9583  ,  12.14   ,  7.68
1950.0417  ,   9.43   ,  7.59
1950.1250  ,   8.12   ,  7.58
1950.2083  ,   9.14   ,  7.58
1950.2917  ,  13.24   ,  7.58
1950.3750  ,  15.82   ,  7.58
1950.4583  ,  16.03   ,  7.56
1950.5417  ,  15.43   ,  7.54
1950.6250  ,  14.42   ,  7.54
1950.7083  ,  16.65   ,  7.54
1950.7917  ,  17.81   ,  7.54
1950.8750  ,  18.74   ,  7.57
1950.9583  ,  19.44   ,  7.51
1951.0417  ,  18.14   ,  7.35
1951.1250  ,  23.83   ,  7.35
1951.2083  ,  29.74   ,  7.36
1951.2917  ,  31.94   ,  7.36
1951.3750  ,  33.37   ,  7.30
1951.4583  ,  29.68   ,  7.27
1951.5417  ,  26.65   ,  7.28
1951.6250  ,  23.45   ,  7.28
1951.7083  ,  23.83   ,  7.28
1951.7917  ,  22.17   ,  7.27
1951.8750  ,  20.85   ,  7.27
1951.9583  ,  18.08   ,  7.32
1952.0417  ,  17.26   ,  7.25
1952.1250  ,  17.88   ,  7.25
1952.2083  ,  16.84   ,  7.25
1952.2917  ,  17.47   ,  7.31
1952.3750  ,  18.40   ,  7.29
1952.4583  ,  21.52   ,  7.31
1952.5417  ,  21.24   ,  7.29
1952.6250  ,  23.09   ,  7.19
1952.7083  ,  25.71   ,  7.18
1952.7917  ,  26.98   ,  7.15
1952.8750  ,  29.81   ,  7.13
1952.9583  ,  29.39   ,  7.18
1953.0417  ,  27.36   ,  7.05
1953.1250  ,  24.51   ,  7.03
1953.2083  ,  21.68   ,  7.03
1953.2917  ,  24.58   ,  7.03
1953.3750  ,  27.00   ,  7.03
1953.4583  ,  29.77   ,  7.00
1953.5417  ,  26.92   ,  7.01
1953.6250  ,  24.64   ,  7.01
1953.7083  ,  23.76   ,  7.03
1953.7917  ,  21.79   ,  7.03
1953.8750  ,  22.17   ,  7.03
1953.9583  ,  21.22   ,  7.02
1954.0417  ,  24.22   ,  6.94
1954.1250  ,  25.41   ,  6.94
1954.2083  ,  25.28   ,  6.94
1954.2917  ,  22.49   ,  6.90
1954.3750  ,  22.26   ,  6.90
1954.4583  ,  19.50   ,  6.90
1954.5417  ,  16.29   ,  6.90
1954.6250  ,  15.94   ,  6.90
1954.7083  ,  19.10   ,  6.90
1954.7917  ,  25.29   ,  6.90
1954.8750  ,  29.52   ,  6.88
1954.9583  ,  30.35   ,  6.89
1955.0417  ,  31.15   ,  6.74
1955.1250  ,  31.32   ,  6.75
1955.2083  ,  29.75   ,  6.75
1955.2917  ,  27.07   ,  6.75
1955.3750  ,  24.59   ,  6.76
1955.4583  ,  22.12   ,  6.74
1955.5417  ,  19.35   ,  6.72
1955.6250  ,  20.96   ,  6.72
1955.7083  ,  21.54   ,  6.71
1955.7917  ,  26.93   ,  6.71
1955.8750  ,  29.48   ,  6.71
1955.9583  ,  29.34   ,  6.71
1956.0417  ,  27.52   ,  6.72
1956.1250  ,  22.16   ,  6.72
1956.2083  ,  21.51   ,  6.72
1956.2917  ,  24.64   ,  6.72
1956.3750  ,  25.42   ,  6.70
1956.4583  ,  23.91   ,  6.70
1956.5417  ,  18.24   ,  6.70
1956.6250  ,  16.13   ,  6.70
1956.7083  ,  16.07   ,  6.70
1956.7917  ,  17.26   ,  6.70
1956.8750  ,  18.58   ,  6.73
1956.9583  ,  19.90   ,  6.93
1957.0417  ,  24.91   ,  6.79
1957.1250  ,  32.23   ,  6.76
1957.2083  ,  36.35   ,  6.74
1957.2917  ,  36.69   ,  6.74
1957.3750  ,  38.50   ,  6.74
1957.4583  ,  39.52   ,  6.71
1957.5417  ,  39.86   ,  6.39
1957.6250  ,  37.50   ,  6.40
1957.7083  ,  36.28   ,  6.40
1957.7917  ,  34.04   ,  6.39
1957.8750  ,  34.59   ,  6.39
1957.9583  ,  35.28   ,  6.40
1958.0417  ,  38.45   ,  6.26
1958.1250  ,  38.76   ,  6.26
1958.2083  ,  39.83   ,  6.25
1958.2917  ,  36.75   ,  6.25
1958.3750  ,  38.11   ,  6.25
1958.4583  ,  36.83   ,  6.25
1958.5417  ,  36.89   ,  6.24
1958.6250  ,  36.86   ,  6.22
1958.7083  ,  38.24   ,  6.23
1958.7917  ,  40.90   ,  6.23
1958.8750  ,  41.33   ,  6.23
1958.9583  ,  40.79   ,  6.23
1959.0417  ,  38.36   ,  6.19
1959.1250  ,  35.28   ,  6.19
1959.2083  ,  33.70   ,  6.20
1959.2917  ,  36.23   ,  6.20
1959.3750  ,  36.49   ,  6.20
1959.4583  ,  38.68   ,  6.20
1959.5417  ,  37.72   ,  6.20
1959.6250  ,  39.45   ,  6.20
1959.7083  ,  38.28   ,  6.20
1959.7917  ,  40.60   ,  6.21
1959.8750  ,  36.36   ,  6.23
1959.9583  ,  36.68   ,  6.27
1960.0417  ,  36.19   ,  6.19
1960.1250  ,  39.55   ,  6.18
1960.2083  ,  39.55   ,  6.18
1960.2917  ,  41.22   ,  6.23
1960.3750  ,  42.34   ,  6.21
1960.4583  ,  41.86   ,  6.21
1960.5417  ,  40.12   ,  6.21
1960.6250  ,  38.28   ,  6.17
1960.7083  ,  36.68   ,  6.14
1960.7917  ,  35.45   ,  6.08
1960.8750  ,  35.29   ,  6.08
1960.9583  ,  38.33   ,  6.08
1961.0417  ,  42.79   ,  6.06
1961.1250  ,  48.75   ,  6.06
1961.2083  ,  50.14   ,  6.03
1961.2917  ,  48.76   ,  6.04
1961.3750  ,  45.84   ,  6.04
1961.4583  ,  44.30   ,  6.03
1961.5417  ,  43.59   ,  6.03
1961.6250  ,  42.61   ,  6.03
1961.7083  ,  40.15   ,  6.03
1961.7917  ,  37.46   ,  6.01
1961.8750  ,  34.93   ,  6.01
1961.9583  ,  36.68   ,  6.03
1962.0417  ,  37.62   ,  6.00
1962.1250  ,  39.44   ,  6.00
1962.2083  ,  37.80   ,  6.00
1962.2917  ,  37.56   ,  5.99
1962.3750  ,  37.70   ,  6.03
1962.4583  ,  38.34   ,  6.03
1962.5417  ,  36.45   ,  6.03
1962.6250  ,  37.46   ,  6.03
1962.7083  ,  38.88   ,  6.05
1962.7917  ,  43.04   ,  6.05
1962.8750  ,  43.79   ,  6.05
1962.9583  ,  43.67   ,  6.09
1963.0417  ,  44.47   ,  6.04
1963.1250  ,  43.61   ,  6.04
1963.2083  ,  42.62   ,  6.04
1963.2917  ,  40.97   ,  6.04
1963.3750  ,  40.08   ,  6.04
1963.4583  ,  39.43   ,  6.04
1963.5417  ,  37.73   ,  6.04
1963.6250  ,  36.55   ,  6.08
1963.7083  ,  38.10   ,  6.08
1963.7917  ,  38.12   ,  6.08
1963.8750  ,  39.53   ,  6.08
1963.9583  ,  33.99   ,  6.15
1964.0417  ,  28.30   ,  6.08
1964.1250  ,  23.92   ,  6.08
1964.2083  ,  23.25   ,  6.07
1964.2917  ,  24.85   ,  6.06
1964.3750  ,  31.42   ,  6.06
1964.4583  ,  37.21   ,  6.08
1964.5417  ,  40.71   ,  6.07
1964.6250  ,  40.91   ,  6.10
1964.7083  ,  39.37   ,  6.09
1964.7917  ,  37.37   ,  6.09
1964.8750  ,  38.85   ,  6.10
1964.9583  ,  41.14   ,  6.22
1965.0417  ,  44.56   ,  6.18
1965.1250  ,  47.40   ,  6.18
1965.2083  ,  45.30   ,  6.18
1965.2917  ,  42.27   ,  6.15
1965.3750  ,  39.65   ,  6.12
1965.4583  ,  41.08   ,  6.10
1965.5417  ,  43.43   ,  6.01
1965.6250  ,  45.53   ,  6.00
1965.7083  ,  48.75   ,  5.97
1965.7917  ,  48.12   ,  5.97
1965.8750  ,  48.80   ,  5.97
1965.9583  ,  47.05   ,  6.05
1966.0417  ,  45.99   ,  5.97
1966.1250  ,  43.14   ,  5.95
1966.2083  ,  41.74   ,  5.93
1966.2917  ,  39.39   ,  5.95
1966.3750  ,  39.00   ,  5.98
1966.4583  ,  37.25   ,  5.96
1966.5417  ,  38.51   ,  5.93
1966.6250  ,  37.26   ,  5.90
1966.7083  ,  37.31   ,  5.94
1966.7917  ,  35.54   ,  5.94
1966.8750  ,  33.50   ,  5.91
1966.9583  ,  35.40   ,  5.92
1967.0417  ,  34.37   ,  5.91
1967.1250  ,  34.18   ,  5.90
1967.2083  ,  32.09   ,  5.87
1967.2917  ,  34.09   ,  5.87
1967.3750  ,  35.44   ,  5.86
1967.4583  ,  39.36   ,  5.90
1967.5417  ,  38.78   ,  5.87
1967.6250  ,  39.81   ,  5.87
1967.7083  ,  40.00   ,  5.84
1967.7917  ,  41.34   ,  5.84
1967.8750  ,  42.89   ,  5.84
1967.9583  ,  44.60   ,  5.98
1968.0417  ,  45.51   ,  5.98
1968.1250  ,  42.25   ,  5.98
1968.2083  ,  35.10   ,  5.98
1968.2917  ,  29.86   ,  6.03
1968.3750  ,  27.85   ,  6.07
1968.4583  ,  30.00   ,  6.07
1968.5417  ,  34.11   ,  6.07
1968.6250  ,  40.79   ,  6.03
1968.7083  ,  43.88   ,  6.00
1968.7917  ,  47.09   ,  5.96
1968.8750  ,  47.51   ,  5.96
1968.9583  ,  47.13   ,  6.16
1969.0417  ,  49.53   ,  6.14
1969.1250  ,  48.99   ,  6.18
1969.2083  ,  50.49   ,  6.20
1969.2917  ,  49.46   ,  6.20
1969.3750  ,  47.91   ,  6.20
1969.4583  ,  46.89   ,  6.17
1969.5417  ,  44.38   ,  6.13
1969.6250  ,  46.57   ,  6.13
1969.7083  ,  48.23   ,  6.12
1969.7917  ,  50.35   ,  6.07
1969.8750  ,  50.64   ,  6.07
1969.9583  ,  49.59   ,  6.24
1970.0417  ,  50.78   ,  6.22
1970.1250  ,  50.39   ,  6.16
1970.2083  ,  48.00   ,  6.16
1970.2917  ,  43.24   ,  6.10
1970.3750  ,  42.26   ,  6.11
1970.4583  ,  42.01   ,  6.11
1970.5417  ,  41.14   ,  6.13
1970.6250  ,  42.67   ,  6.13
1970.7083  ,  44.23   ,  6.13
1970.7917  ,  49.28   ,  6.13
1970.8750  ,  51.06   ,  6.13
1970.9583  ,  52.26   ,  6.13
1971.0417  ,  53.40   ,  6.08
1971.1250  ,  55.30   ,  6.06
1971.2083  ,  55.81   ,  6.06
1971.2917  ,  56.14   ,  6.04
1971.3750  ,  54.12   ,  6.04
1971.4583  ,  53.31   ,  6.04
1971.5417  ,  52.25   ,  6.04
1971.6250  ,  53.72   ,  6.04
1971.7083  ,  56.09   ,  6.04
1971.7917  ,  56.81   ,  6.04
1971.8750  ,  54.34   ,  6.04
1971.9583  ,  51.46   ,  6.07
1972.0417  ,  52.33   ,  6.05
1972.1250  ,  55.57   ,  6.05
1972.2083  ,  58.38   ,  6.30
1972.2917  ,  58.35   ,  6.30
1972.3750  ,  60.00   ,  6.10
1972.4583  ,  62.91   ,  6.09
1972.5417  ,  64.87   ,  6.06
1972.6250  ,  61.61   ,  6.06
1972.7083  ,  59.59   ,  6.08
1972.7917  ,  56.92   ,  6.04
1972.8750  ,  58.46   ,  6.04
1972.9583  ,  57.77   ,  6.08
1973.0417  ,  54.47   ,  5.98
1973.1250  ,  54.22   ,  5.99
1973.2083  ,  53.68   ,  5.97
1973.2917  ,  57.11   ,  6.01
1973.3750  ,  56.45   ,  5.99
1973.4583  ,  58.56   ,  5.99
1973.5417  ,  56.95   ,  6.00
1973.6250  ,  57.71   ,  5.99
1973.7083  ,  57.68   ,  5.99
1973.7917  ,  60.18   ,  5.99
1973.8750  ,  65.91   ,  5.94
1973.9583  ,  69.18   ,  5.95
1974.0417  ,  72.19   ,  5.94
1974.1250  ,  70.92   ,  5.88
1974.2083  ,  69.21   ,  5.87
1974.2917  ,  69.77   ,  5.89
1974.3750  ,  70.14   ,  5.89
1974.4583  ,  69.83   ,  5.89
1974.5417  ,  67.08   ,  5.87
1974.6250  ,  64.10   ,  5.87
1974.7083  ,  62.68   ,  5.88
1974.7917  ,  60.81   ,  5.88
1974.8750  ,  61.67   ,  5.88
1974.9583  ,  61.57   ,  5.98
1975.0417  ,  63.83   ,  5.96
1975.1250  ,  66.04   ,  5.96
1975.2083  ,  68.15   ,  5.94
1975.2917  ,  67.34   ,  5.90
1975.3750  ,  65.80   ,  5.86
1975.4583  ,  64.31   ,  5.81
1975.5417  ,  63.04   ,  5.76
1975.6250  ,  63.96   ,  5.77
1975.7083  ,  65.29   ,  5.79
1975.7917  ,  66.67   ,  5.85
1975.8750  ,  67.06   ,  5.85
1975.9583  ,  65.00   ,  5.85
1976.0417  ,  63.85   ,  5.81
1976.1250  ,  62.16   ,  5.83
1976.2083  ,  62.06   ,  5.82
1976.2917  ,  62.90   ,  5.82
1976.3750  ,  61.37   ,  5.84
1976.4583  ,  63.28   ,  5.84
1976.5417  ,  61.42   ,  5.86
1976.6250  ,  60.86   ,  5.86
1976.7083  ,  62.10   ,  5.84
1976.7917  ,  63.45   ,  5.82
1976.8750  ,  65.87   ,  5.82
1976.9583  ,  65.61   ,  5.77
1977.0417  ,  62.44   ,  5.76
1977.1250  ,  59.13   ,  5.77
1977.2083  ,  56.91   ,  5.79
1977.2917  ,  55.47   ,  5.80
1977.3750  ,  55.68   ,  5.77
1977.4583  ,  55.23   ,  5.76
1977.5417  ,  55.18   ,  5.73
1977.6250  ,  56.11   ,  5.75
1977.7083  ,  58.26   ,  5.70
1977.7917  ,  60.12   ,  5.70
1977.8750  ,  62.39   ,  5.71
1977.9583  ,  66.32   ,  5.73
1978.0417  ,  68.75   ,  5.72
1978.1250  ,  71.69   ,  5.79
1978.2083  ,  68.96   ,  5.79
1978.2917  ,  67.59   ,  5.79
1978.3750  ,  64.34   ,  5.79
1978.4583  ,  62.74   ,  5.73
1978.5417  ,  61.26   ,  5.80
1978.6250  ,  62.03   ,  5.80
1978.7083  ,  61.34   ,  5.80
1978.7917  ,  62.11   ,  5.79
1978.8750  ,  58.22   ,  5.70
1978.9583  ,  58.37   ,  5.73
1979.0417  ,  57.28   ,  5.72
1979.1250  ,  59.34   ,  5.72
1979.2083  ,  59.72   ,  5.76
1979.2917  ,  58.70   ,  5.81
1979.3750  ,  58.53   ,  5.81
1979.4583  ,  59.09   ,  5.84
1979.5417  ,  61.41   ,  5.85
1979.6250  ,  65.85   ,  5.75
1979.7083  ,  68.05   ,  5.75
1979.7917  ,  70.21   ,  5.75
1979.8750  ,  69.16   ,  5.67
1979.9583  ,  71.81   ,  5.67
1980.0417  ,  71.70   ,  5.62
1980.1250  ,  71.80   ,  5.64
1980.2083  ,  68.40   ,  5.64
1980.2917  ,  68.52   ,  5.64
1980.3750  ,  68.05   ,  5.66
1980.4583  ,  68.25   ,  5.63
1980.5417  ,  66.58   ,  5.68
1980.6250  ,  64.31   ,  5.69
1980.7083  ,  65.12   ,  5.67
1980.7917  ,  65.24   ,  5.76
1980.8750  ,  69.93   ,  5.79
1980.9583  ,  73.87   ,  5.83
1981.0417  ,  75.82   ,  5.84
1981.1250  ,  75.94   ,  5.85
1981.2083  ,  76.42   ,  5.84
1981.2917  ,  77.36   ,  5.84
1981.3750  ,  78.21   ,  5.81
1981.4583  ,  80.21   ,  5.80
1981.5417  ,  79.02   ,  5.78
1981.6250  ,  81.74   ,  5.85
1981.7083  ,  80.82   ,  5.85
1981.7917  ,  83.27   ,  5.87
1981.8750  ,  81.83   ,  5.84
1981.9583  ,  79.40   ,  5.87
1982.0417  ,  74.51   ,  5.81
1982.1250  ,  73.46   ,  5.80
1982.2083  ,  73.34   ,  5.78
1982.2917  ,  72.75   ,  5.78
1982.3750  ,  73.03   ,  5.78
1982.4583  ,  70.18   ,  5.76
1982.5417  ,  68.38   ,  5.74
1982.6250  ,  68.27   ,  5.75
1982.7083  ,  72.06   ,  5.79
1982.7917  ,  75.79   ,  5.71
1982.8750  ,  76.19   ,  5.71
1982.9583  ,  75.46   ,  5.74
1983.0417  ,  76.08   ,  5.71
1983.1250  ,  75.68   ,  5.68
1983.2083  ,  77.97   ,  5.68
1983.2917  ,  81.68   ,  5.68
1983.3750  ,  84.62   ,  5.68
1983.4583  ,  84.14   ,  5.66
1983.5417  ,  82.00   ,  5.65
1983.6250  ,  76.47   ,  5.65
1983.7083  ,  76.48   ,  5.65
1983.7917  ,  74.16   ,  5.71
1983.8750  ,  76.31   ,  5.71
1983.9583  ,  74.19   ,  5.71
1984.0417  ,  73.57   ,  5.66
1984.1250  ,  74.11   ,  5.66
1984.2083  ,  76.58   ,  5.57
1984.2917  ,  77.95   ,  5.53
1984.3750  ,  79.51   ,  5.55
1984.4583  ,  81.74   ,  5.55
1984.5417  ,  81.30   ,  5.55
1984.6250  ,  83.28   ,  5.56
1984.7083  ,  80.12   ,  5.58
1984.7917  ,  78.27   ,  5.58
1984.8750  ,  73.28   ,  5.60
1984.9583  ,  72.05   ,  5.60
1985.0417  ,  67.08   ,  5.54
1985.1250  ,  68.88   ,  5.54
1985.2083  ,  65.95   ,  5.52
1985.2917  ,  67.72   ,  5.52
1985.3750  ,  67.91   ,  5.55
1985.4583  ,  70.00   ,  5.55
1985.5417  ,  69.44   ,  5.53
1985.6250  ,  67.84   ,  5.53
1985.7083  ,  67.05   ,  5.52
1985.7917  ,  67.52   ,  5.50
1985.8750  ,  67.90   ,  5.49
1985.9583  ,  68.65   ,  5.52
1986.0417  ,  69.70   ,  5.50
1986.1250  ,  70.80   ,  5.51
1986.2083  ,  68.39   ,  5.49
1986.2917  ,  66.35   ,  5.51
1986.3750  ,  64.39   ,  5.51
1986.4583  ,  65.20   ,  5.53
1986.5417  ,  66.49   ,  5.56
1986.6250  ,  68.42   ,  5.55
1986.7083  ,  67.64   ,  5.55
1986.7917  ,  66.25   ,  5.55
1986.8750  ,  65.41   ,  5.52
1986.9583  ,  66.57   ,  5.54
1987.0417  ,  69.95   ,  5.57
1987.1250  ,  74.55   ,  5.59
1987.2083  ,  74.46   ,  5.62
1987.2917  ,  72.47   ,  5.63
1987.3750  ,  74.25   ,  5.59
1987.4583  ,  75.99   ,  5.55
1987.5417  ,  77.73   ,  5.59
1987.6250  ,  72.40   ,  5.59
1987.7083  ,  69.85   ,  5.58
1987.7917  ,  67.31   ,  5.60
1987.8750  ,  70.50   ,  5.61
1987.9583  ,  73.04   ,  5.60
1988.0417  ,  71.53   ,  5.60
1988.1250  ,  73.36   ,  5.59
1988.2083  ,  71.43   ,  5.58
1988.2917  ,  75.09   ,  5.61
1988.3750  ,  75.25   ,  5.62
1988.4583  ,  76.49   ,  5.57
1988.5417  ,  74.37   ,  5.59
1988.6250  ,  74.54   ,  5.59
1988.7083  ,  75.26   ,  5.60
1988.7917  ,  76.14   ,  5.60
1988.8750  ,  74.51   ,  5.60
1988.9583  ,  69.58   ,  5.56
1989.0417  ,  68.58   ,  5.60
1989.1250  ,  69.56   ,  5.60
1989.2083  ,  74.01   ,  5.57
1989.2917  ,  75.42   ,  5.57
1989.3750  ,  76.12   ,  5.56
1989.4583  ,  75.35   ,  5.56
1989.5417  ,  76.07   ,  5.58
1989.6250  ,  76.68   ,  5.58
1989.7083  ,  77.63   ,  5.58
1989.7917  ,  76.15   ,  5.56
1989.8750  ,  77.40   ,  5.55
1989.9583  ,  75.72   ,  5.57
1990.0417  ,  76.60   ,  5.56
1990.1250  ,  75.38   ,  5.57
1990.2083  ,  76.21   ,  5.59
1990.2917  ,  78.10   ,  5.59
1990.3750  ,  78.44   ,  5.67
1990.4583  ,  81.99   ,  5.65
1990.5417  ,  81.55   ,  5.65
1990.6250  ,  84.61   ,  5.67
1990.7083  ,  84.61   ,  5.67
1990.7917  ,  85.20   ,  5.68
1990.8750  ,  86.75   ,  5.68
1990.9583  ,  85.48   ,  5.71
1991.0417  ,  88.88   ,  5.71
1991.1250  ,  90.28   ,  5.71
1991.2083  ,  91.39   ,  5.75
1991.2917  ,  88.90   ,  5.75
1991.3750  ,  89.00   ,  5.69
1991.4583  ,  90.19   ,  5.69
1991.5417  ,  92.41   ,  5.69
1991.6250  ,  93.95   ,  5.63
1991.7083  ,  93.69   ,  5.63
1991.7917  ,  93.20   ,  5.63
1991.8750  ,  91.61   ,  5.65
1991.9583  ,  90.52   ,  5.75
1992.0417  ,  93.77   ,  5.74
1992.1250  ,  96.66   ,  5.74
1992.2083  ,  96.97   ,  5.74
1992.2917  ,  95.84   ,  5.76
1992.3750  ,  93.06   ,  5.76
1992.4583  ,  93.10   ,  5.75
1992.5417  ,  91.07   ,  5.75
1992.6250  ,  91.09   ,  5.72
1992.7083  ,  92.19   ,  5.72
1992.7917  ,  95.45   ,  5.72
1992.8750  ,  93.98   ,  5.71
1992.9583  ,  91.82   ,  5.71
1993.0417  ,  89.60   ,  5.69
1993.1250  ,  90.81   ,  5.67
1993.2083  ,  92.32   ,  5.67
1993.2917  ,  94.60   ,  5.67
1993.3750  ,  94.65   ,  5.64
1993.4583  ,  91.70   ,  5.63
1993.5417  ,  88.21   ,  5.61
1993.6250  ,  85.03   ,  5.61
1993.7083  ,  81.27   ,  5.58
1993.7917  ,  83.05   ,  5.58
1993.8750  ,  82.28   ,  5.58
1993.9583  ,  87.56   ,  5.61
1994.0417  ,  91.19   ,  5.61
1994.1250  ,  91.25   ,  5.61
1994.2083  ,  91.40   ,  5.61
1994.2917  ,  88.97   ,  5.63
1994.3750  ,  90.72   ,  5.66
1994.4583  ,  89.62   ,  5.63
1994.5417  ,  92.63   ,  5.63
1994.6250  ,  92.20   ,  5.63
1994.7083  ,  93.35   ,  5.63
1994.7917  ,  93.62   ,  5.63
1994.8750  ,  91.57   ,  5.61
1994.9583  ,  92.89   ,  5.65
1995.0417  ,  93.84   ,  5.63
1995.1250  ,  95.50   ,  5.66
1995.2083  ,  97.10   ,  5.65
1995.2917  ,  96.40   ,  5.65
1995.3750  ,  96.43   ,  5.68
1995.4583  ,  97.04   ,  5.68
1995.5417  , 100.10   ,  5.61
1995.6250  ,  99.69   ,  5.61
1995.7083  ,  99.92   ,  5.61
1995.7917  ,  99.41   ,  5.57
1995.8750  , 100.26   ,  5.58
1995.9583  , 103.49   ,  5.62
1996.0417  , 102.82   ,  5.66
1996.1250  , 103.79   ,  5.68
1996.2083  ,  98.35   ,  5.68
1996.2917  ,  97.02   ,  5.66
1996.3750  ,  97.34   ,  5.70
1996.4583  ,  97.71   ,  5.70
1996.5417  , 103.52   ,  5.66
1996.6250  , 104.29   ,  5.66
1996.7083  , 108.98   ,  5.66
1996.7917  , 106.51   ,  5.69
1996.8750  , 105.34   ,  5.69
1996.9583  , 103.15   ,  5.76
1997.0417  , 104.67   ,  5.76
1997.1250  , 105.58   ,  5.76
1997.2083  , 108.94   ,  5.76
1997.2917  , 109.79   ,  5.76
1997.3750  , 113.51   ,  5.74
1997.4583  , 114.38   ,  5.74
1997.5417  , 112.63   ,  5.74
1997.6250  , 112.83   ,  5.72
1997.7083  , 111.95   ,  5.72
1997.7917  , 115.83   ,  5.73
1997.8750  , 115.06   ,  5.75
1997.9583  , 116.92   ,  5.91
1998.0417  , 115.18   ,  5.87
1998.1250  , 113.01   ,  5.87
1998.2083  , 109.25   ,  5.87
1998.2917  , 106.01   ,  5.94
1998.3750  , 105.19   ,  5.94
1998.4583  , 104.33   ,  5.94
1998.5417  , 103.88   ,  5.94
1998.6250  , 102.73   ,  5.94
1998.7083  , 103.50   ,  5.94
1998.7917  , 101.28   ,  5.94
1998.8750  , 100.35   ,  5.94
1998.9583  ,  99.53   ,  6.10
1999.0417  , 104.54   ,  6.06
1999.1250  , 108.06   ,  6.06
1999.2083  , 113.48   ,  6.09
1999.2917  , 113.04   ,  6.09
1999.3750  , 114.36   ,  6.09
1999.4583  , 112.30   ,  6.09
1999.5417  , 112.86   ,  6.28
1999.6250  , 111.25   ,  6.31
1999.7083  , 110.81   ,  6.31
1999.7917  , 109.55   ,  6.24
1999.8750  , 106.00   ,  6.27
1999.9583  , 105.34   ,  6.54
2000.0417  , 105.19   ,  6.39
2000.1250  , 111.60   ,  6.40
2000.2083  , 115.71   ,  6.39
2000.2917  , 118.62   ,  6.39
2000.3750  , 120.67   ,  6.40
2000.4583  , 118.33   ,  6.40
2000.5417  , 118.13   ,  6.40
2000.6250  , 113.09   ,  6.40
2000.7083  , 112.84   ,  6.42
2000.7917  , 110.33   ,  6.42
2000.8750  , 110.17   ,  6.48
2000.9583  , 109.75   ,  8.85
2001.0417  , 111.88   ,  8.84
2001.1250  , 112.59   ,  8.84
2001.2083  , 116.62   ,  8.85
2001.2917  , 113.81   ,  8.85
2001.3750  , 116.68   ,  8.93
2001.4583  , 115.50   ,  8.93
2001.5417  , 118.94   ,  8.93
2001.6250  , 121.59   ,  8.93
2001.7083  , 121.12   ,  8.94
2001.7917  , 118.71   ,  8.94
2001.8750  , 114.17   ,  9.05
2001.9583  , 110.85   ,  9.05
